card_id,cinema_id,source_name,commentaire
ugc_illimite,P0170,HORIZON GRAND ECRAN,"Limoges, 9-11 place Denis-Dussoubs : « Limoges Centre » chez AlloCiné, noms sans mot commun"
ugc_illimite,P0764,GRAND ÉCRAN LA TESTE DE BUCH,"Zone commerciale Cap Océan : « Arcachon la Teste » chez AlloCiné"
ugc_illimite,,GRAND ECRAN LANGON RIO CENTRE-VILLE,"16 allée Jean Jaurès, Langon : absent d'AlloCiné (seul le multiplexe Family Place y est)"
pathe_cinepass,,Pathé Plan de Campagne,"Les Pennes-Mirabeau : absent de notre base (import AlloCiné du 13), à revérifier"
pathe_cinepass,P7885,,"PDF CinéPass, Le Victoria ; Aix-les-Bains"
pathe_cinepass,P9932,,"PDF CinéPass, Centre Départemental de Promotion du Cinéma-Salle La Turbine ; Annecy"
pathe_cinepass,W0115,,"PDF CinéPass, Cinéma Le Rabelais ; Annecy"
pathe_cinepass,P9023,,"PDF CinéPass, Le Mikado ; Annecy"
pathe_cinepass,P0526,,"PDF CinéPass, Les Nemours ; Annecy"
pathe_cinepass,W7411,,"PDF CinéPass, Cinéma Studio Annemasse ; Annemasse : « Studio 6 » chez AlloCiné, seul Studio d'Annemasse (à confirmer)"
pathe_cinepass,P0093,,"PDF CinéPass, Cinéma Lux ; Caen"
pathe_cinepass,P6733,,"PDF CinéPass, Ciné Cluses ; Cluses"
pathe_cinepass,P0192,,"PDF CinéPass, Le Sirius ; Le Havre"
pathe_cinepass,P8501,,"PDF CinéPass, Les Cinéastes ; Le Mans"
pathe_cinepass,P0019,,"PDF CinéPass, Cinéma Bonneveine ; Marseille"
pathe_cinepass,W6712,,"PDF CinéPass, Le Trèfle ; « Molsheim » dans le PDF : « Le Cinéma du Trèfle » à Dorlisheim, commune voisine (à confirmer)"
pathe_cinepass,P0101,,"PDF CinéPass, Omnia République ; Rouen"
pathe_cinepass,P0027,,"PDF CinéPass, Le Star ; Strasbourg"
pathe_cinepass,P0025,,"PDF CinéPass, Le Star Saint-Exupéry ; Strasbourg"
pathe_cinepass,P0600,,"PDF CinéPass, Le Vox ; Strasbourg"
pathe_cinepass,B0151,,"PDF CinéPass, 3 Cinés Robespierre (IDF)"
pathe_cinepass,B0144,,"PDF CinéPass, 4 Delta (IDF)"
pathe_cinepass,C0012,,"PDF CinéPass, 5 Caumartin (IDF)"
pathe_cinepass,C0025,,"PDF CinéPass, 7 Parnassiens (IDF)"
pathe_cinepass,C0009,,"PDF CinéPass, Balzac (IDF)"
pathe_cinepass,C0153,,"PDF CinéPass, Chaplin Denfert (IDF)"
pathe_cinepass,W7515,,"PDF CinéPass, Chaplin Saint Lambert (IDF)"
pathe_cinepass,C0015,,"PDF CinéPass, Christine 21 ; « Christine Cinéma Club » chez AlloCiné"
pathe_cinepass,B0215,,"PDF CinéPass, Ciné Massy ; « Cinémassy »"
pathe_cinepass,C0004,,"PDF CinéPass, Cinéma des Cinéastes (IDF)"
pathe_cinepass,C0076,,"PDF CinéPass, Cinéma du Panthéon (IDF)"
pathe_cinepass,B0227,,"PDF CinéPass, Cinéma Landowski (IDF)"
pathe_cinepass,C0172,,"PDF CinéPass, Cinéma Mac-Mahon (IDF)"
pathe_cinepass,C0071,,"PDF CinéPass, Ecoles 21 ; « Écoles Cinéma Club » chez AlloCiné"
pathe_cinepass,C0108,,"PDF CinéPass, Elysées Lincoln (IDF)"
pathe_cinepass,W7504,,"PDF CinéPass, Epée de Bois (IDF)"
pathe_cinepass,B0123,,"PDF CinéPass, Espace 1789 (IDF)"
pathe_cinepass,C0117,,"PDF CinéPass, Espace St Michel (IDF)"
pathe_cinepass,C0020,,"PDF CinéPass, Filmothèque du Quartier Latin (IDF)"
pathe_cinepass,B0127,,"PDF CinéPass, La Pléiade (IDF)"
pathe_cinepass,C0023,,"PDF CinéPass, Le Brady Cinéma Théâtre (IDF)"
pathe_cinepass,B0203,,"PDF CinéPass, Le Capitole ; Suresnes (aussi partenaire UGC)"
pathe_cinepass,C0072,,"PDF CinéPass, Le Grand Action (IDF)"
pathe_cinepass,W7588,,"PDF CinéPass, Le Jeu de Paume (IDF)"
pathe_cinepass,B0142,,"PDF CinéPass, Le Lido ; Saint-Maur-des-Fossés (aussi partenaire UGC)"
pathe_cinepass,C0093,,"PDF CinéPass, Le Lucernaire (IDF)"
pathe_cinepass,C0100,,"PDF CinéPass, Le Saint André des Arts (IDF)"
pathe_cinepass,B0122,,"PDF CinéPass, L'Ecran de Saint-Denis (IDF)"
pathe_cinepass,C0005,,"PDF CinéPass, L'Entrepôt (IDF)"
pathe_cinepass,C0095,,"PDF CinéPass, Les 3 Luxembourg (IDF)"
pathe_cinepass,B0094,,"PDF CinéPass, Les 3 Pierrots - St Cloud (IDF)"
pathe_cinepass,B0241,,"PDF CinéPass, Les Capucins ; seul « Les Capucins » d'IDF chez AlloCiné, à Coulommiers (à confirmer)"
pathe_cinepass,C0013,,"PDF CinéPass, Luminor Hôtel de Ville (IDF)"
pathe_cinepass,C0089,,"PDF CinéPass, Max Linder (IDF)"
pathe_cinepass,C0041,,"PDF CinéPass, Nouvel Odéon (IDF)"
pathe_cinepass,C6336,,"PDF CinéPass, Publicis cinémas (IDF)"
pathe_cinepass,C0083,,"PDF CinéPass, Studio des ursulines (IDF)"
pathe_cinepass,C0134,,"PDF CinéPass, L'Archipel (IDF)"
pathe_cinepass,C0139,,"PDF CinéPass, Majestic Bastille (IDF)"
pathe_cinepass,C0120,,"PDF CinéPass, Majestic Passy (IDF)"
pathe_cinepass,C0147,,"PDF CinéPass, L'Escurial Panorama (IDF)"
pathe_cinepass,C0074,,"PDF CinéPass, Les Reflets Medicis (IDF)"
pathe_cinepass,C0054,,"PDF CinéPass, L'Arlequin (IDF)"
