code_insee,nom,allocine_code
01,Ain,83191
02,Aisne,83178
03,Allier,83111
04,Alpes-de-Haute-Provence,83185
05,Hautes-Alpes,83186
06,Alpes-Maritimes,83187
07,Ardèche,83192
08,Ardennes,83129
09,Ariège,83150
10,Aube,83130
11,Aude,83138
12,Aveyron,83151
13,Bouches-du-Rhône,83188
14,Calvados,83160
15,Cantal,83112
16,Charente,83181
17,Charente-Maritime,83182
18,Cher,83123
19,Corrèze,83143
2A,Corse-du-Sud,265496
2B,Haute-Corse,83133
21,Côte-d'Or,83115
22,Côtes-d'Armor,83119
23,Creuse,83144
24,Dordogne,83106
25,Doubs,83134
26,Drôme,83193
27,Eure,83163
28,Eure-et-Loir,83124
29,Finistère,83120
30,Gard,83139
31,Haute-Garonne,83152
32,Gers,83153
33,Gironde,83107
34,Hérault,83140
35,Ille-et-Vilaine,83121
36,Indre,83125
37,Indre-et-Loire,83126
38,Isère,83194
39,Jura,83135
40,Landes,83108
41,Loir-et-Cher,83127
42,Loire,83195
43,Haute-Loire,83113
44,Loire-Atlantique,83173
45,Loiret,83128
46,Lot,83154
47,Lot-et-Garonne,83109
48,Lozère,83141
49,Maine-et-Loire,83174
50,Manche,83161
51,Marne,83131
52,Haute-Marne,83132
53,Mayenne,83175
54,Meurthe-et-Moselle,83146
55,Meuse,83147
56,Morbihan,83122
57,Moselle,83148
58,Nièvre,83116
59,Nord,83158
60,Oise,83179
61,Orne,83162
62,Pas-de-Calais,83159
63,Puy-de-Dôme,83114
64,Pyrénées-Atlantiques,83110
65,Hautes-Pyrénées,83155
66,Pyrénées-Orientales,83142
67,Bas-Rhin,83104
68,Haut-Rhin,83105
69,Rhône,83196
70,Haute-Saône,83136
71,Saône-et-Loire,83117
72,Sarthe,83176
73,Savoie,83197
74,Haute-Savoie,83198
75,Paris,83093
76,Seine-Maritime,83164
77,Seine-et-Marne,83166
78,Yvelines,83167
79,Deux-Sèvres,83183
80,Somme,83180
81,Tarn,83156
82,Tarn-et-Garonne,83157
83,Var,83189
84,Vaucluse,83190
85,Vendée,83177
86,Vienne,83184
87,Haute-Vienne,83145
88,Vosges,83149
89,Yonne,83118
90,Territoire de Belfort,83137
91,Essonne,83168
92,Hauts-de-Seine,83169
93,Seine-Saint-Denis,83170
94,Val-de-Marne,83171
95,Val-d'Oise,83172
971,Guadeloupe,83199
972,Martinique,83200
973,Guyane,83201
974,La Réunion,83202
976,Mayotte,
